"","Sum.Sq","Mean.Sq","Df","F","Pr..F.","R2"
"empo_3",87.4379704029087,6.24556931449348,14,18.1068838313944,0.000999000999000999,0.130336568679843
"site_code",20.0345598633035,1.54111998948489,13,4.46794827095851,0.000999000999000999,0.0298638654987241
"habitat",8.03709585290841,4.0185479264542,2,11.6503999573493,0.000999000999000999,0.0119802357121527
"empo_3:site_code",55.2283750512178,0.699093355078706,80,2.02678115161332,0.000999000999000999,0.0823243822422907
"empo_3:habitat",4.18191173984764,2.09095586992382,2,6.0620086219239,0.000999000999000999,0.00623363081487491
"site_code:habitat",8.01832124607418,1.3363868743457,6,3.87439489806387,0.000999000999000999,0.0119522499546859
"Residuals",445.646839592285,0.344927894421274,1292,NA,NA,0.664288977063705
"Total",670.862915055638,NA,1409,NA,NA,1
