"","Sum Sq","Mean Sq","Df","F","Pr(>F)"
"empo_3",87.4379704029087,6.24556931449348,14,18.1068838313944,0.001
"site_code",20.0345598633035,1.54111998948489,13,4.46794827095851,0.001
"habitat",8.03709585290841,4.0185479264542,2,11.6503999573493,0.001
"empo_3:site_code",55.2283750512178,0.699093355078706,80,2.02678115161332,0.001
"empo_3:habitat",4.18191173984764,2.09095586992382,2,6.0620086219239,0.001
"site_code:habitat",8.01832124607418,1.3363868743457,6,3.87439489806387,0.001
"Residuals",445.646839592285,0.344927894421274,1292,NA,NA
"Total",670.862915055638,NA,1409,NA,NA
